activitypub, /emoji/fediverse/activitypub.png
akkoma_2, /emoji/fediverse/akkoma_2.png
akkoma, /emoji/fediverse/akkoma.png
bookwyrm, /emoji/fediverse/bookwyrm.png
fediverse, /emoji/fediverse/fediverse.png
firefish, /emoji/fediverse/firefish.png
forgejo, /emoji/fediverse/forgejo.png
foundkey, /emoji/fediverse/foundkey.png
friendica, /emoji/fediverse/friendica.png
funkwhale, /emoji/fediverse/funkwhale.png
gotosocial, /emoji/fediverse/gotosocial.png
hometown, /emoji/fediverse/hometown.png
lemmy, /emoji/fediverse/lemmy.png
mbin, /emoji/fediverse/mbin.png
misskey, /emoji/fediverse/misskey.png
mobilizon, /emoji/fediverse/mobilizon.png
pixelfed, /emoji/fediverse/pixelfed.png
pleroma, /emoji/fediverse/pleroma.png
sepia, /emoji/fediverse/sepia.png
wordpress, /emoji/fediverse/wordpress.png
WriteFreely, /emoji/fediverse/WriteFreely.png
